zip_code,arrest_count,lat,lon,borough,crime_per_10k,murder,rape,robbery,fel_assault,burglary,gr_larceny,gla,total,borough_display
10001,332,40.749813815973425,-74.00044540343829,manhattan,175.6,47.0,383.0,3259.0,5239.0,3337.0,16299.0,1185.0,29749.0,Manhattan
10002,2441,40.72372257413236,-73.97915860597071,manhattan,175.6,47.0,383.0,3259.0,5239.0,3337.0,16299.0,1185.0,29749.0,Manhattan
10003,2070,40.73286037224812,-73.9889377112639,manhattan,175.6,47.0,383.0,3259.0,5239.0,3337.0,16299.0,1185.0,29749.0,Manhattan
10004,81,40.702366561282375,-74.01263977956707,manhattan,175.6,47.0,383.0,3259.0,5239.0,3337.0,16299.0,1185.0,29749.0,Manhattan
10004,81,40.69874686569332,-74.0406166464777,manhattan,175.6,47.0,383.0,3259.0,5239.0,3337.0,16299.0,1185.0,29749.0,Manhattan
10004,81,40.689701543399096,-74.01673509118059,manhattan,175.6,47.0,383.0,3259.0,5239.0,3337.0,16299.0,1185.0,29749.0,Manhattan
10004,81,40.68988489390824,-74.04557612006394,manhattan,175.6,47.0,383.0,3259.0,5239.0,3337.0,16299.0,1185.0,29749.0,Manhattan
10005,6,40.70549440398773,-74.0085718224297,manhattan,175.6,47.0,383.0,3259.0,5239.0,3337.0,16299.0,1185.0,29749.0,Manhattan
10006,30,40.70804455906762,-74.0135158418697,manhattan,175.6,47.0,383.0,3259.0,5239.0,3337.0,16299.0,1185.0,29749.0,Manhattan
10007,483,40.71350497293453,-74.00821555994035,manhattan,175.6,47.0,383.0,3259.0,5239.0,3337.0,16299.0,1185.0,29749.0,Manhattan
10009,233,40.72735532516567,-73.97554460187719,manhattan,175.6,47.0,383.0,3259.0,5239.0,3337.0,16299.0,1185.0,29749.0,Manhattan
10010,472,40.738858506885265,-73.97742472650863,manhattan,175.6,47.0,383.0,3259.0,5239.0,3337.0,16299.0,1185.0,29749.0,Manhattan
10011,1797,40.74293318605735,-74.00272980234686,manhattan,175.6,47.0,383.0,3259.0,5239.0,3337.0,16299.0,1185.0,29749.0,Manhattan
10012,2247,40.72688113676271,-73.99955853513266,manhattan,175.6,47.0,383.0,3259.0,5239.0,3337.0,16299.0,1185.0,29749.0,Manhattan
10013,2752,40.721409437346225,-74.00370662237775,manhattan,175.6,47.0,383.0,3259.0,5239.0,3337.0,16299.0,1185.0,29749.0,Manhattan
10014,1345,40.733017820971654,-74.00768992762666,manhattan,175.6,47.0,383.0,3259.0,5239.0,3337.0,16299.0,1185.0,29749.0,Manhattan
10016,146,40.745042154930125,-73.97608884361772,manhattan,175.6,47.0,383.0,3259.0,5239.0,3337.0,16299.0,1185.0,29749.0,Manhattan
10017,78,40.750843906388965,-73.96954646454908,manhattan,175.6,47.0,383.0,3259.0,5239.0,3337.0,16299.0,1185.0,29749.0,Manhattan
10018,4034,40.75583507747319,-73.99442798468357,manhattan,175.6,47.0,383.0,3259.0,5239.0,3337.0,16299.0,1185.0,29749.0,Manhattan
10019,526,40.766868496753986,-73.99162298264433,manhattan,175.6,47.0,383.0,3259.0,5239.0,3337.0,16299.0,1185.0,29749.0,Manhattan
10021,168,40.76857142206866,-73.95443061547533,manhattan,175.6,47.0,383.0,3259.0,5239.0,3337.0,16299.0,1185.0,29749.0,Manhattan
10022,156,40.75779579564197,-73.96436379408493,manhattan,175.6,47.0,383.0,3259.0,5239.0,3337.0,16299.0,1185.0,29749.0,Manhattan
10023,437,40.776785669809165,-73.98439586340682,manhattan,175.6,47.0,383.0,3259.0,5239.0,3337.0,16299.0,1185.0,29749.0,Manhattan
10024,593,40.79650510140495,-73.97380825373776,manhattan,175.6,47.0,383.0,3259.0,5239.0,3337.0,16299.0,1185.0,29749.0,Manhattan
10025,1398,40.80078196046591,-73.96834192622485,manhattan,175.6,47.0,383.0,3259.0,5239.0,3337.0,16299.0,1185.0,29749.0,Manhattan
10026,3283,40.80654401082997,-73.95492589244118,manhattan,175.6,47.0,383.0,3259.0,5239.0,3337.0,16299.0,1185.0,29749.0,Manhattan
10027,1183,40.814264874786055,-73.95710852213577,manhattan,175.6,47.0,383.0,3259.0,5239.0,3337.0,16299.0,1185.0,29749.0,Manhattan
10028,359,40.77521263839082,-73.94763232098582,manhattan,175.6,47.0,383.0,3259.0,5239.0,3337.0,16299.0,1185.0,29749.0,Manhattan
10029,2797,40.78994763987603,-73.94108256485443,manhattan,175.6,47.0,383.0,3259.0,5239.0,3337.0,16299.0,1185.0,29749.0,Manhattan
10030,2605,40.81868217564572,-73.94154024368116,manhattan,175.6,47.0,383.0,3259.0,5239.0,3337.0,16299.0,1185.0,29749.0,Manhattan
10031,746,40.82589725704791,-73.95106326801265,manhattan,175.6,47.0,383.0,3259.0,5239.0,3337.0,16299.0,1185.0,29749.0,Manhattan
10032,2017,40.84047898224293,-73.94335023516881,manhattan,175.6,47.0,383.0,3259.0,5239.0,3337.0,16299.0,1185.0,29749.0,Manhattan
10033,2524,40.85476635300487,-73.93592273279032,manhattan,175.6,47.0,383.0,3259.0,5239.0,3337.0,16299.0,1185.0,29749.0,Manhattan
10034,787,40.87049187971734,-73.92048855629633,manhattan,175.6,47.0,383.0,3259.0,5239.0,3337.0,16299.0,1185.0,29749.0,Manhattan
10035,3223,40.802626379793324,-73.93411948136023,manhattan,175.6,47.0,383.0,3259.0,5239.0,3337.0,16299.0,1185.0,29749.0,Manhattan
10035,3223,40.791768933893756,-73.92570188243978,manhattan,175.6,47.0,383.0,3259.0,5239.0,3337.0,16299.0,1185.0,29749.0,Manhattan
10036,1973,40.758783856559084,-73.98974589837476,manhattan,175.6,47.0,383.0,3259.0,5239.0,3337.0,16299.0,1185.0,29749.0,Manhattan
10037,738,40.812709335010446,-73.93482538097805,manhattan,175.6,47.0,383.0,3259.0,5239.0,3337.0,16299.0,1185.0,29749.0,Manhattan
10038,446,40.70937254845485,-74.00237287302183,manhattan,175.6,47.0,383.0,3259.0,5239.0,3337.0,16299.0,1185.0,29749.0,Manhattan
10039,1433,40.82997659162879,-73.93688268610681,manhattan,175.6,47.0,383.0,3259.0,5239.0,3337.0,16299.0,1185.0,29749.0,Manhattan
10040,965,40.85738458846664,-73.92693231431171,manhattan,175.6,47.0,383.0,3259.0,5239.0,3337.0,16299.0,1185.0,29749.0,Manhattan
10044,577,40.76094971796176,-73.95115066288024,manhattan,175.6,47.0,383.0,3259.0,5239.0,3337.0,16299.0,1185.0,29749.0,Manhattan
10065,1343,40.76254705954836,-73.95942247845736,manhattan,175.6,47.0,383.0,3259.0,5239.0,3337.0,16299.0,1185.0,29749.0,Manhattan
10069,90,40.777615247467374,-73.98964583856647,manhattan,175.6,47.0,383.0,3259.0,5239.0,3337.0,16299.0,1185.0,29749.0,Manhattan
10075,200,40.77162204511819,-73.95133578007102,manhattan,175.6,47.0,383.0,3259.0,5239.0,3337.0,16299.0,1185.0,29749.0,Manhattan
10128,388,40.779262067078086,-73.9454123380973,manhattan,175.6,47.0,383.0,3259.0,5239.0,3337.0,16299.0,1185.0,29749.0,Manhattan
10280,10,40.70752706399938,-74.01746391648773,manhattan,175.6,47.0,383.0,3259.0,5239.0,3337.0,16299.0,1185.0,29749.0,Manhattan
10282,82,40.715620119967156,-74.01553915817847,manhattan,175.6,47.0,383.0,3259.0,5239.0,3337.0,16299.0,1185.0,29749.0,Manhattan
10301,4916,40.62218368183935,-74.09337157435284,statenisland,58.2,3.0,71.0,273.0,909.0,266.0,1153.0,211.0,2886.0,Staten Island
10302,1763,40.63160347492712,-74.13776612484192,statenisland,58.2,3.0,71.0,273.0,909.0,266.0,1153.0,211.0,2886.0,Staten Island
10303,475,40.638652516920956,-74.16584230434324,statenisland,58.2,3.0,71.0,273.0,909.0,266.0,1153.0,211.0,2886.0,Staten Island
10304,793,40.611335966762795,-74.08936568615705,statenisland,58.2,3.0,71.0,273.0,909.0,266.0,1153.0,211.0,2886.0,Staten Island
10305,460,40.591757057149024,-74.07355787393706,statenisland,58.2,3.0,71.0,273.0,909.0,266.0,1153.0,211.0,2886.0,Staten Island
10306,1044,40.5602138633246,-74.12285962661338,statenisland,58.2,3.0,71.0,273.0,909.0,266.0,1153.0,211.0,2886.0,Staten Island
10307,486,40.50891196322677,-74.24454583910462,statenisland,58.2,3.0,71.0,273.0,909.0,266.0,1153.0,211.0,2886.0,Staten Island
10308,124,40.54874685922253,-74.14474369343193,statenisland,58.2,3.0,71.0,273.0,909.0,266.0,1153.0,211.0,2886.0,Staten Island
10309,305,40.53561171648989,-74.22122854667957,statenisland,58.2,3.0,71.0,273.0,909.0,266.0,1153.0,211.0,2886.0,Staten Island
10310,581,40.6370537337864,-74.1150945016683,statenisland,58.2,3.0,71.0,273.0,909.0,266.0,1153.0,211.0,2886.0,Staten Island
10312,195,40.53545161565797,-74.17478381260415,statenisland,58.2,3.0,71.0,273.0,909.0,266.0,1153.0,211.0,2886.0,Staten Island
10314,565,40.59808577208346,-74.17579059699611,statenisland,58.2,3.0,71.0,273.0,909.0,266.0,1153.0,211.0,2886.0,Staten Island
10451,3661,40.8204740173363,-73.92746249802731,bronx,204.1,99.0,546.0,4632.0,8799.0,2782.0,8951.0,4242.0,30051.0,Bronx
10452,4591,40.839481469213254,-73.92498198243078,bronx,204.1,99.0,546.0,4632.0,8799.0,2782.0,8951.0,4242.0,30051.0,Bronx
10453,1750,40.85352248455895,-73.91634387807812,bronx,204.1,99.0,546.0,4632.0,8799.0,2782.0,8951.0,4242.0,30051.0,Bronx
10454,3753,40.8050555039876,-73.91833741556246,bronx,204.1,99.0,546.0,4632.0,8799.0,2782.0,8951.0,4242.0,30051.0,Bronx
10455,5427,40.81294345236926,-73.9057838226131,bronx,204.1,99.0,546.0,4632.0,8799.0,2782.0,8951.0,4242.0,30051.0,Bronx
10456,4369,40.83223662501418,-73.90722503132916,bronx,204.1,99.0,546.0,4632.0,8799.0,2782.0,8951.0,4242.0,30051.0,Bronx
10457,7508,40.84320253096571,-73.89925004338563,bronx,204.1,99.0,546.0,4632.0,8799.0,2782.0,8951.0,4242.0,30051.0,Bronx
10458,4222,40.863359784730925,-73.88289501572537,bronx,204.1,99.0,546.0,4632.0,8799.0,2782.0,8951.0,4242.0,30051.0,Bronx
10459,2574,40.828345726837014,-73.88983030536713,bronx,204.1,99.0,546.0,4632.0,8799.0,2782.0,8951.0,4242.0,30051.0,Bronx
10460,1378,40.841920664757,-73.87865885295629,bronx,204.1,99.0,546.0,4632.0,8799.0,2782.0,8951.0,4242.0,30051.0,Bronx
10461,2075,40.843828902720645,-73.83916593855952,bronx,204.1,99.0,546.0,4632.0,8799.0,2782.0,8951.0,4242.0,30051.0,Bronx
10462,1297,40.84772740212871,-73.8640596251852,bronx,204.1,99.0,546.0,4632.0,8799.0,2782.0,8951.0,4242.0,30051.0,Bronx
10463,1670,40.88184194206541,-73.90677159064455,bronx,204.1,99.0,546.0,4632.0,8799.0,2782.0,8951.0,4242.0,30051.0,Bronx
10463,1670,40.875495817624184,-73.9104920036685,bronx,204.1,99.0,546.0,4632.0,8799.0,2782.0,8951.0,4242.0,30051.0,Bronx
10464,39,40.8710435324421,-73.80353265360142,bronx,204.1,99.0,546.0,4632.0,8799.0,2782.0,8951.0,4242.0,30051.0,Bronx
10464,39,40.85281142014665,-73.77028294151067,bronx,204.1,99.0,546.0,4632.0,8799.0,2782.0,8951.0,4242.0,30051.0,Bronx
10464,39,40.84775297643196,-73.78673603370592,bronx,204.1,99.0,546.0,4632.0,8799.0,2782.0,8951.0,4242.0,30051.0,Bronx
10465,1568,40.82714348872775,-73.81464540428327,bronx,204.1,99.0,546.0,4632.0,8799.0,2782.0,8951.0,4242.0,30051.0,Bronx
10466,3045,40.89522262194308,-73.84271399870894,bronx,204.1,99.0,546.0,4632.0,8799.0,2782.0,8951.0,4242.0,30051.0,Bronx
10467,2521,40.875157136675476,-73.8750370539714,bronx,204.1,99.0,546.0,4632.0,8799.0,2782.0,8951.0,4242.0,30051.0,Bronx
10468,2698,40.86953470761783,-73.90353475302732,bronx,204.1,99.0,546.0,4632.0,8799.0,2782.0,8951.0,4242.0,30051.0,Bronx
10469,1415,40.86860840392282,-73.84213684059233,bronx,204.1,99.0,546.0,4632.0,8799.0,2782.0,8951.0,4242.0,30051.0,Bronx
10470,1032,40.90321114175869,-73.8577406919367,bronx,204.1,99.0,546.0,4632.0,8799.0,2782.0,8951.0,4242.0,30051.0,Bronx
10471,134,40.89499186537246,-73.9025305197112,bronx,204.1,99.0,546.0,4632.0,8799.0,2782.0,8951.0,4242.0,30051.0,Bronx
10472,3515,40.83008222343516,-73.87212507396991,bronx,204.1,99.0,546.0,4632.0,8799.0,2782.0,8951.0,4242.0,30051.0,Bronx
10473,769,40.81304860550173,-73.8549062453122,bronx,204.1,99.0,546.0,4632.0,8799.0,2782.0,8951.0,4242.0,30051.0,Bronx
10474,1001,40.80859456686005,-73.88641956809111,bronx,204.1,99.0,546.0,4632.0,8799.0,2782.0,8951.0,4242.0,30051.0,Bronx
10475,457,40.87189803947317,-73.8228029016694,bronx,204.1,99.0,546.0,4632.0,8799.0,2782.0,8951.0,4242.0,30051.0,Bronx
11001,42,40.733849784673225,-73.70584870079789,queens,104.1,57.0,427.0,2802.0,5637.0,2797.0,9034.0,4297.0,25051.0,Queens
11004,26,40.74990950312809,-73.7141320158295,queens,104.1,57.0,427.0,2802.0,5637.0,2797.0,9034.0,4297.0,25051.0,Queens
11005,27,40.756084659367446,-73.7163014432423,queens,104.1,57.0,427.0,2802.0,5637.0,2797.0,9034.0,4297.0,25051.0,Queens
11040,50,40.746799893373094,-73.7038847298374,queens,104.1,57.0,427.0,2802.0,5637.0,2797.0,9034.0,4297.0,25051.0,Queens
11101,635,40.74340367096328,-73.94459550563693,queens,104.1,57.0,427.0,2802.0,5637.0,2797.0,9034.0,4297.0,25051.0,Queens
11102,283,40.773471849500346,-73.92863811815482,queens,104.1,57.0,427.0,2802.0,5637.0,2797.0,9034.0,4297.0,25051.0,Queens
11103,2466,40.76391124584706,-73.91304993059563,queens,104.1,57.0,427.0,2802.0,5637.0,2797.0,9034.0,4297.0,25051.0,Queens
11104,454,40.74284327302219,-73.91957308240816,queens,104.1,57.0,427.0,2802.0,5637.0,2797.0,9034.0,4297.0,25051.0,Queens
11105,263,40.78137138775039,-73.90564308583906,queens,104.1,57.0,427.0,2802.0,5637.0,2797.0,9034.0,4297.0,25051.0,Queens
11106,464,40.767274111221354,-73.93676207196361,queens,104.1,57.0,427.0,2802.0,5637.0,2797.0,9034.0,4297.0,25051.0,Queens
11109,1227,40.74439490720662,-73.9582654915129,queens,104.1,57.0,427.0,2802.0,5637.0,2797.0,9034.0,4297.0,25051.0,Queens
11201,3351,40.69785149695154,-73.9911257867805,brooklyn,110.8,81.0,549.0,3806.0,8289.0,3069.0,11184.0,3332.0,30310.0,Brooklyn
11203,1974,40.65083298019809,-73.93400163861072,brooklyn,110.8,81.0,549.0,3806.0,8289.0,3069.0,11184.0,3332.0,30310.0,Brooklyn
11204,1450,40.621975382469415,-73.97895564451966,brooklyn,110.8,81.0,549.0,3806.0,8289.0,3069.0,11184.0,3332.0,30310.0,Brooklyn
11205,1209,40.69441061741978,-73.96723144492658,brooklyn,110.8,81.0,549.0,3806.0,8289.0,3069.0,11184.0,3332.0,30310.0,Brooklyn
11206,2969,40.70204387007419,-73.93965653647514,brooklyn,110.8,81.0,549.0,3806.0,8289.0,3069.0,11184.0,3332.0,30310.0,Brooklyn
11207,6817,40.670731969877096,-73.89563627390758,brooklyn,110.8,81.0,549.0,3806.0,8289.0,3069.0,11184.0,3332.0,30310.0,Brooklyn
11208,1786,40.66484865279889,-73.86585598359166,brooklyn,110.8,81.0,549.0,3806.0,8289.0,3069.0,11184.0,3332.0,30310.0,Brooklyn
11209,618,40.61584037226042,-74.02921675570994,brooklyn,110.8,81.0,549.0,3806.0,8289.0,3069.0,11184.0,3332.0,30310.0,Brooklyn
11210,2499,40.62578636729269,-73.94370340414828,brooklyn,110.8,81.0,549.0,3806.0,8289.0,3069.0,11184.0,3332.0,30310.0,Brooklyn
11211,1168,40.717435530032695,-73.9545448100126,brooklyn,110.8,81.0,549.0,3806.0,8289.0,3069.0,11184.0,3332.0,30310.0,Brooklyn
11212,3854,40.66381707598695,-73.90531544005113,brooklyn,110.8,81.0,549.0,3806.0,8289.0,3069.0,11184.0,3332.0,30310.0,Brooklyn
11213,3076,40.672016226719826,-73.93498654212117,brooklyn,110.8,81.0,549.0,3806.0,8289.0,3069.0,11184.0,3332.0,30310.0,Brooklyn
11214,2313,40.590824757003624,-73.99765630836299,brooklyn,110.8,81.0,549.0,3806.0,8289.0,3069.0,11184.0,3332.0,30310.0,Brooklyn
11215,383,40.66494336229539,-73.9806002842381,brooklyn,110.8,81.0,549.0,3806.0,8289.0,3069.0,11184.0,3332.0,30310.0,Brooklyn
11216,3419,40.68135778904252,-73.94779251378817,brooklyn,110.8,81.0,549.0,3806.0,8289.0,3069.0,11184.0,3332.0,30310.0,Brooklyn
11217,3262,40.68349475028706,-73.9772865303563,brooklyn,110.8,81.0,549.0,3806.0,8289.0,3069.0,11184.0,3332.0,30310.0,Brooklyn
11218,330,40.64813329787398,-73.97525023144934,brooklyn,110.8,81.0,549.0,3806.0,8289.0,3069.0,11184.0,3332.0,30310.0,Brooklyn
11219,1933,40.63614925794465,-73.99929190499343,brooklyn,110.8,81.0,549.0,3806.0,8289.0,3069.0,11184.0,3332.0,30310.0,Brooklyn
11220,2278,40.64294137048373,-74.02452127241438,brooklyn,110.8,81.0,549.0,3806.0,8289.0,3069.0,11184.0,3332.0,30310.0,Brooklyn
11221,2141,40.69421942726345,-73.92721358074951,brooklyn,110.8,81.0,549.0,3806.0,8289.0,3069.0,11184.0,3332.0,30310.0,Brooklyn
11222,935,40.7277029747525,-73.9478952509919,brooklyn,110.8,81.0,549.0,3806.0,8289.0,3069.0,11184.0,3332.0,30310.0,Brooklyn
11223,2705,40.59459986529937,-73.96976369450067,brooklyn,110.8,81.0,549.0,3806.0,8289.0,3069.0,11184.0,3332.0,30310.0,Brooklyn
11224,4418,40.57598606093259,-73.98485097203124,brooklyn,110.8,81.0,549.0,3806.0,8289.0,3069.0,11184.0,3332.0,30310.0,Brooklyn
11225,2575,40.662768257949125,-73.95565611092191,brooklyn,110.8,81.0,549.0,3806.0,8289.0,3069.0,11184.0,3332.0,30310.0,Brooklyn
11226,4378,40.64650770568084,-73.9616159468426,brooklyn,110.8,81.0,549.0,3806.0,8289.0,3069.0,11184.0,3332.0,30310.0,Brooklyn
11228,405,40.61337775829714,-74.0173413367775,brooklyn,110.8,81.0,549.0,3806.0,8289.0,3069.0,11184.0,3332.0,30310.0,Brooklyn
11229,824,40.59746054336325,-73.93530509912705,brooklyn,110.8,81.0,549.0,3806.0,8289.0,3069.0,11184.0,3332.0,30310.0,Brooklyn
11230,1935,40.62411656905047,-73.97105142581378,brooklyn,110.8,81.0,549.0,3806.0,8289.0,3069.0,11184.0,3332.0,30310.0,Brooklyn
11231,1507,40.67508331710057,-74.01007177526076,brooklyn,110.8,81.0,549.0,3806.0,8289.0,3069.0,11184.0,3332.0,30310.0,Brooklyn
11231,1507,40.66710323530192,-74.01728919701043,brooklyn,110.8,81.0,549.0,3806.0,8289.0,3069.0,11184.0,3332.0,30310.0,Brooklyn
11232,2064,40.65939485349065,-74.00826980768899,brooklyn,110.8,81.0,549.0,3806.0,8289.0,3069.0,11184.0,3332.0,30310.0,Brooklyn
11233,4509,40.67752765417162,-73.92157644939363,brooklyn,110.8,81.0,549.0,3806.0,8289.0,3069.0,11184.0,3332.0,30310.0,Brooklyn
11234,378,40.60458816395699,-73.90383216312753,brooklyn,110.8,81.0,549.0,3806.0,8289.0,3069.0,11184.0,3332.0,30310.0,Brooklyn
11235,301,40.58264526692284,-73.93691221309098,brooklyn,110.8,81.0,549.0,3806.0,8289.0,3069.0,11184.0,3332.0,30310.0,Brooklyn
11236,999,40.640534740896605,-73.89189490475883,brooklyn,110.8,81.0,549.0,3806.0,8289.0,3069.0,11184.0,3332.0,30310.0,Brooklyn
11237,3967,40.70381064213058,-73.91868702036929,brooklyn,110.8,81.0,549.0,3806.0,8289.0,3069.0,11184.0,3332.0,30310.0,Brooklyn
11238,513,40.67563664991787,-73.96701592498695,brooklyn,110.8,81.0,549.0,3806.0,8289.0,3069.0,11184.0,3332.0,30310.0,Brooklyn
11239,681,40.64536907906578,-73.87354299315687,brooklyn,110.8,81.0,549.0,3806.0,8289.0,3069.0,11184.0,3332.0,30310.0,Brooklyn
11354,3112,40.76830704288077,-73.83417675244719,queens,104.1,57.0,427.0,2802.0,5637.0,2797.0,9034.0,4297.0,25051.0,Queens
11355,668,40.75077479826483,-73.82278701565471,queens,104.1,57.0,427.0,2802.0,5637.0,2797.0,9034.0,4297.0,25051.0,Queens
11356,241,40.78677008688249,-73.84681230502541,queens,104.1,57.0,427.0,2802.0,5637.0,2797.0,9034.0,4297.0,25051.0,Queens
11357,241,40.791677097119944,-73.81266867309894,queens,104.1,57.0,427.0,2802.0,5637.0,2797.0,9034.0,4297.0,25051.0,Queens
11358,218,40.76086376603036,-73.7961718412907,queens,104.1,57.0,427.0,2802.0,5637.0,2797.0,9034.0,4297.0,25051.0,Queens
11360,73,40.78157094057551,-73.78205429301684,queens,104.1,57.0,427.0,2802.0,5637.0,2797.0,9034.0,4297.0,25051.0,Queens
11361,622,40.76583937638232,-73.7671261977924,queens,104.1,57.0,427.0,2802.0,5637.0,2797.0,9034.0,4297.0,25051.0,Queens
11362,45,40.75569040218073,-73.73483297772044,queens,104.1,57.0,427.0,2802.0,5637.0,2797.0,9034.0,4297.0,25051.0,Queens
11363,13,40.77480911973261,-73.74908670842801,queens,104.1,57.0,427.0,2802.0,5637.0,2797.0,9034.0,4297.0,25051.0,Queens
11364,88,40.74953690243988,-73.755871540954,queens,104.1,57.0,427.0,2802.0,5637.0,2797.0,9034.0,4297.0,25051.0,Queens
11365,1207,40.74143456453013,-73.80080117764575,queens,104.1,57.0,427.0,2802.0,5637.0,2797.0,9034.0,4297.0,25051.0,Queens
11366,249,40.72940387743514,-73.78883786889223,queens,104.1,57.0,427.0,2802.0,5637.0,2797.0,9034.0,4297.0,25051.0,Queens
11367,275,40.72996697605035,-73.82833646551396,queens,104.1,57.0,427.0,2802.0,5637.0,2797.0,9034.0,4297.0,25051.0,Queens
11368,1219,40.75607846133951,-73.85023006548984,queens,104.1,57.0,427.0,2802.0,5637.0,2797.0,9034.0,4297.0,25051.0,Queens
11369,2671,40.76509677133005,-73.87517887413745,queens,104.1,57.0,427.0,2802.0,5637.0,2797.0,9034.0,4297.0,25051.0,Queens
11370,196,40.769099012664434,-73.89047607575466,queens,104.1,57.0,427.0,2802.0,5637.0,2797.0,9034.0,4297.0,25051.0,Queens
11370,196,40.791441583513695,-73.88407670841765,queens,104.1,57.0,427.0,2802.0,5637.0,2797.0,9034.0,4297.0,25051.0,Queens
11372,2746,40.750873755682136,-73.88550252312545,queens,104.1,57.0,427.0,2802.0,5637.0,2797.0,9034.0,4297.0,25051.0,Queens
11373,3533,40.734782119057385,-73.87874034073344,queens,104.1,57.0,427.0,2802.0,5637.0,2797.0,9034.0,4297.0,25051.0,Queens
11374,998,40.72691129192627,-73.86159639794491,queens,104.1,57.0,427.0,2802.0,5637.0,2797.0,9034.0,4297.0,25051.0,Queens
11375,1633,40.72204865547558,-73.84520540147405,queens,104.1,57.0,427.0,2802.0,5637.0,2797.0,9034.0,4297.0,25051.0,Queens
11377,369,40.74548303891097,-73.90360543694831,queens,104.1,57.0,427.0,2802.0,5637.0,2797.0,9034.0,4297.0,25051.0,Queens
11378,242,40.72605584451599,-73.91503002288277,queens,104.1,57.0,427.0,2802.0,5637.0,2797.0,9034.0,4297.0,25051.0,Queens
11379,132,40.71939147707442,-73.87656022021652,queens,104.1,57.0,427.0,2802.0,5637.0,2797.0,9034.0,4297.0,25051.0,Queens
11385,1500,40.70077707123051,-73.87616403733166,queens,104.1,57.0,427.0,2802.0,5637.0,2797.0,9034.0,4297.0,25051.0,Queens
11411,364,40.69614646525237,-73.73672785439665,queens,104.1,57.0,427.0,2802.0,5637.0,2797.0,9034.0,4297.0,25051.0,Queens
11412,584,40.694744682962344,-73.7603920228681,queens,104.1,57.0,427.0,2802.0,5637.0,2797.0,9034.0,4297.0,25051.0,Queens
11413,859,40.666072082764636,-73.75194163682184,queens,104.1,57.0,427.0,2802.0,5637.0,2797.0,9034.0,4297.0,25051.0,Queens
11414,181,40.656077284716126,-73.84434154359481,queens,104.1,57.0,427.0,2802.0,5637.0,2797.0,9034.0,4297.0,25051.0,Queens
11415,1416,40.708783041154284,-73.83007058889118,queens,104.1,57.0,427.0,2802.0,5637.0,2797.0,9034.0,4297.0,25051.0,Queens
11416,314,40.684859804553646,-73.84930248022665,queens,104.1,57.0,427.0,2802.0,5637.0,2797.0,9034.0,4297.0,25051.0,Queens
11417,1384,40.675772206895324,-73.84237054745753,queens,104.1,57.0,427.0,2802.0,5637.0,2797.0,9034.0,4297.0,25051.0,Queens
11418,1451,40.702738895829796,-73.83048839917568,queens,104.1,57.0,427.0,2802.0,5637.0,2797.0,9034.0,4297.0,25051.0,Queens
11419,812,40.689144843257445,-73.82632454838321,queens,104.1,57.0,427.0,2802.0,5637.0,2797.0,9034.0,4297.0,25051.0,Queens
11420,347,40.669167618487656,-73.81655019579206,queens,104.1,57.0,427.0,2802.0,5637.0,2797.0,9034.0,4297.0,25051.0,Queens
11421,425,40.69551923972539,-73.85589284758026,queens,104.1,57.0,427.0,2802.0,5637.0,2797.0,9034.0,4297.0,25051.0,Queens
11422,1678,40.65329020777783,-73.73744945902813,queens,104.1,57.0,427.0,2802.0,5637.0,2797.0,9034.0,4297.0,25051.0,Queens
11423,499,40.71674382943792,-73.7710369569397,queens,104.1,57.0,427.0,2802.0,5637.0,2797.0,9034.0,4297.0,25051.0,Queens
11426,110,40.73754261889471,-73.72637724662607,queens,104.1,57.0,427.0,2802.0,5637.0,2797.0,9034.0,4297.0,25051.0,Queens
11427,190,40.729645773797245,-73.74322784926277,queens,104.1,57.0,427.0,2802.0,5637.0,2797.0,9034.0,4297.0,25051.0,Queens
11428,1335,40.72285692777179,-73.73596901938791,queens,104.1,57.0,427.0,2802.0,5637.0,2797.0,9034.0,4297.0,25051.0,Queens
11429,256,40.710892020916404,-73.73479880815354,queens,104.1,57.0,427.0,2802.0,5637.0,2797.0,9034.0,4297.0,25051.0,Queens
11430,54,40.64341100681422,-73.78837581545343,queens,104.1,57.0,427.0,2802.0,5637.0,2797.0,9034.0,4297.0,25051.0,Queens
11432,3281,40.71471873038493,-73.79687477269295,queens,104.1,57.0,427.0,2802.0,5637.0,2797.0,9034.0,4297.0,25051.0,Queens
11433,1253,40.69935461415957,-73.78795272139489,queens,104.1,57.0,427.0,2802.0,5637.0,2797.0,9034.0,4297.0,25051.0,Queens
11434,2873,40.67586854759372,-73.7741392970285,queens,104.1,57.0,427.0,2802.0,5637.0,2797.0,9034.0,4297.0,25051.0,Queens
11435,2141,40.70533206289682,-73.81084891057472,queens,104.1,57.0,427.0,2802.0,5637.0,2797.0,9034.0,4297.0,25051.0,Queens
11436,1209,40.67501525463899,-73.79656839181513,queens,104.1,57.0,427.0,2802.0,5637.0,2797.0,9034.0,4297.0,25051.0,Queens
11691,467,40.60225731136145,-73.76743067369422,queens,104.1,57.0,427.0,2802.0,5637.0,2797.0,9034.0,4297.0,25051.0,Queens
11692,437,40.594362248330555,-73.7971967563399,queens,104.1,57.0,427.0,2802.0,5637.0,2797.0,9034.0,4297.0,25051.0,Queens
11693,850,40.61543072319787,-73.82467303071235,queens,104.1,57.0,427.0,2802.0,5637.0,2797.0,9034.0,4297.0,25051.0,Queens
11693,850,40.6288002281486,-73.84025471265952,queens,104.1,57.0,427.0,2802.0,5637.0,2797.0,9034.0,4297.0,25051.0,Queens
11693,850,40.60720927066365,-73.83272114883292,queens,104.1,57.0,427.0,2802.0,5637.0,2797.0,9034.0,4297.0,25051.0,Queens
11693,850,40.588271618151566,-73.81170816171947,queens,104.1,57.0,427.0,2802.0,5637.0,2797.0,9034.0,4297.0,25051.0,Queens
11694,133,40.573794476408196,-73.85261589632725,queens,104.1,57.0,427.0,2802.0,5637.0,2797.0,9034.0,4297.0,25051.0,Queens
