zip_code,lat,lon,nearest_subway_dist_miles,nearest_subway
11372,40.750873755682136,-73.88550252312545,0.25440860352041755,82 St-Jackson Hts
11004,40.74990950312809,-73.7141320158295,5.452556943541827,Jamaica-179 St
11040,40.746799893373094,-73.7038847298374,5.997706177087336,Jamaica-179 St
11426,40.73754261889471,-73.72637724662607,4.31962424420442,Jamaica-179 St
11365,40.74143456453013,-73.80080117764575,2.1935094819085696,169 St
11373,40.734782119057385,-73.87874034073344,0.18627546767413922,Grand Av-Newtown
11001,40.733849784673225,-73.70584870079789,5.575206902104421,Jamaica-179 St
11375,40.72204865547558,-73.84520540147405,0.05328313927706488,Forest Hills-71 Av
11427,40.729645773797245,-73.74322784926277,3.036369650271331,Jamaica-179 St
11374,40.72691129192627,-73.86159639794491,0.20249553647170346,63 Dr-Rego Park
11366,40.72940387743514,-73.78883786889223,1.2070772133819259,Jamaica-179 St
11423,40.71674382943792,-73.7710369569397,0.9260450559880602,Jamaica-179 St
11428,40.72285692777179,-73.73596901938791,3.37585085788234,Jamaica-179 St
11432,40.71471873038493,-73.79687477269295,0.3699691200536621,169 St
11379,40.71939147707442,-73.87656022021652,1.0554735632846037,Middle Village-Metropolitan Av
11429,40.710892020916404,-73.73479880815354,3.3844198076329346,Jamaica-179 St
11435,40.70533206289682,-73.81084891057472,0.013132440736194925,Sutphin Blvd
11415,40.708783041154284,-73.83007058889118,0.3957210931690463,Kew Gardens-Union Tpke
11418,40.702738895829796,-73.83048839917568,0.21670755437368958,121 St
11433,40.69935461415957,-73.78795272139489,0.8603963909053138,169 St
11451,40.70088564811545,-73.79966439982044,0.13232678630572442,Jamaica Center-Parsons/Archer
11221,40.69421942726345,-73.92721358074951,0.12593625462564612,Kosciuszko St
11421,40.69551923972539,-73.85589284758026,0.318639276057453,Woodhaven Blvd
11419,40.689144843257445,-73.82632454838321,0.22335000457593088,Ozone Park-Lefferts Blvd
11434,40.67586854759372,-73.7741392970285,2.5982159942391476,Jamaica Center-Parsons/Archer
11216,40.68135778904252,-73.94779251378817,0.19247489719937566,Nostrand Av
11416,40.684859804553646,-73.84930248022665,0.3770865460095279,88 St
11233,40.67752765417162,-73.92157644939363,0.10464689699062671,Ralph Av
11436,40.67501525463899,-73.79656839181513,1.8981255751076547,Jamaica Center-Parsons/Archer
11213,40.672016226719826,-73.93498654212117,0.257340657741369,Crown Hts-Utica Av
11212,40.66381707598695,-73.90531544005113,0.1990168404116475,Junius St
11225,40.662768257949125,-73.95565611092191,0.3316266029101849,Sterling St
11218,40.64813329787398,-73.97525023144934,0.18632626314227313,Fort Hamilton Pkwy
11226,40.64650770568084,-73.9616159468426,0.26188888684141604,Beverley Rd
11219,40.63614925794465,-73.99929190499343,0.3106564339067339,50 St
11210,40.62578636729269,-73.94370340414828,0.557193087495163,Flatbush Av-Brooklyn College
11230,40.62411656905047,-73.97105142581378,0.3599559915935999,Avenue I
11204,40.621975382469415,-73.97895564451966,0.2679794949374365,Bay Pkwy
10471,40.89499186537246,-73.9025305197112,0.48090030674633694,Van Cortlandt Park-242 St
10470,40.90321114175869,-73.8577406919367,0.40628490099602727,Nereid Av
10466,40.89522262194308,-73.84271399870894,0.7712966645792677,Wakefield-241 St
10467,40.875157136675476,-73.8750370539714,0.26451870161785873,Norwood-205 St
10463,40.88184194206541,-73.90677159064455,0.24560615204238226,231 St
10475,40.87189803947317,-73.8228029016694,1.1851716459277706,Baychester Av
10464,40.8710435324421,-73.80353265360142,2.1265662609776355,Pelham Bay Park
10469,40.86860840392282,-73.84213684059233,0.29981548555372944,Gun Hill Rd
10468,40.86953470761783,-73.90353475302732,0.45565484293872416,Kingsbridge Rd
10463,40.875495817624184,-73.9104920036685,0.07899851675470786,Marble Hill-225 St
10458,40.863359784730925,-73.88289501572537,0.7421931590483019,Bedford Park Blvd
10034,40.87049187971734,-73.92048855629633,0.17185564025006086,Inwood-207 St
10033,40.85476635300487,-73.93592273279032,0.25465037557929676,181 St
10462,40.84772740212871,-73.8640596251852,0.31277800414490753,Bronx Park East
10040,40.85738458846664,-73.92693231431171,0.22689004104018556,191 St
10453,40.85352248455895,-73.91634387807812,0.4686316287377994,176 St
10465,40.82714348872775,-73.81464540428327,1.8360055295048794,Buhre Av
10464,40.85281142014665,-73.77028294151067,3.990898863583256,Pelham Bay Park
10464,40.84775297643196,-73.78673603370592,2.873989022216022,Pelham Bay Park
10461,40.843828902720645,-73.83916593855952,0.196245863971656,Middletown Rd
10457,40.84320253096571,-73.89925004338563,0.6460685598377817,Tremont Av
10460,40.841920664757,-73.87865885295629,0.14759057589103672,West Farms Sq-E Tremont Av
10032,40.84047898224293,-73.94335023516881,0.22205282645677965,168 St-Washington Hts
10452,40.839481469213254,-73.92498198243078,0.3676439887401251,167 St
10456,40.83223662501418,-73.90722503132916,0.6476682005425349,170 St
10472,40.83008222343516,-73.87212507396991,0.16945786160738624,Morrison Av-Soundview
10031,40.82589725704791,-73.95106326801265,0.06625314265757702,145 St
10039,40.82997659162879,-73.93688268610681,0.09216607053102055,155 St
10459,40.828345726837014,-73.88983030536713,0.18063629545120177,Freeman St
10451,40.8204740173363,-73.92746249802731,0.145036384763656,149 St-Grand Concourse
10473,40.81304860550173,-73.8549062453122,1.4507279933483725,Parkchester
10030,40.81868217564572,-73.94154024368116,0.31183151808362425,135 St
10027,40.814264874786055,-73.95710852213577,0.1258859927421341,125 St
10474,40.80859456686005,-73.88641956809111,0.8637423814480696,Longwood Av
10455,40.81294345236926,-73.9057838226131,0.12951742034970873,E 149 St
10037,40.812709335010446,-73.93482538097805,0.34520175007218196,138 St-Grand Concourse
10024,40.79650510140495,-73.97380825373776,0.20577622266885834,96 St
10454,40.8050555039876,-73.91833741556246,0.18407939045380278,Brook Av
10026,40.80654401082997,-73.95492589244118,0.1007172923848514,116 St
10035,40.802626379793324,-73.93411948136023,0.26144786920116375,125 St
10025,40.80078196046591,-73.96834192622485,0.09221675965733173,103 St
10035,40.791768933893756,-73.92570188243978,1.1776649103373693,Brook Av
11357,40.791677097119944,-73.81266867309894,2.516708984632843,Flushing-Main St
10029,40.78994763987603,-73.94108256485443,0.4126262458870637,110 St
00083,40.780440608965186,-73.96771005638068,0.3134440657212145,81 St-Museum of Natural History
11356,40.78677008688249,-73.84681230502541,2.2035313756023815,Flushing-Main St
11359,40.79201281580672,-73.77766718728294,4.249220778847827,Flushing-Main St
11360,40.78157094057551,-73.78205429301684,3.6409454921142457,Flushing-Main St
11105,40.78137138775039,-73.90564308583906,0.6209268624412325,Astoria-Ditmars Blvd
10128,40.779262067078086,-73.9454123380973,0.3689331424730778,96 St
11371,40.774327800936014,-73.87364826426025,1.7607284234118539,Junction Blvd
10023,40.776785669809165,-73.98439586340682,0.2031086610561914,72 St
11363,40.77480911973261,-73.74908670842801,4.913287728051598,Jamaica-179 St
10028,40.77521263839082,-73.94763232098582,0.3410790717877175,86 St
11354,40.76830704288077,-73.83417675244719,0.6654410640324968,Flushing-Main St
11102,40.773471849500346,-73.92863811815482,0.6762253717707317,30 Av
11370,40.769099012664434,-73.89047607575466,1.4492574334739297,65 St
10021,40.76857142206866,-73.95443061547533,0.2759906130514371,72 St
11361,40.76583937638232,-73.7671261977924,3.8467844498961266,Jamaica-179 St
11358,40.76086376603036,-73.7961718412907,2.3378397650498908,Flushing-Main St
11362,40.75569040218073,-73.73483297772044,4.499442859336442,Jamaica-179 St
10044,40.76094971796176,-73.95115066288024,0.19154566541700052,Roosevelt Island
11369,40.76509677133005,-73.87517887413745,1.1557691663859926,90 St-Elmhurst Av
11103,40.76391124584706,-73.91304993059563,0.524711613697366,46 St
11106,40.767274111221354,-73.93676207196361,0.8629179420759788,Broadway
11368,40.75607846133951,-73.85023006548984,0.3332629127762531,Mets-Willets Point
11377,40.74548303891097,-73.90360543694831,0.04406185932659477,61 St-Woodside
10036,40.758783856559084,-73.98974589837476,0.10183687904359412,42 St-Port Authority Bus Terminal
11355,40.75077479826483,-73.82278701565471,0.7877642937935329,Flushing-Main St
11101,40.74340367096328,-73.94459550563693,0.22366553973442102,Court Sq
11364,40.74953690243988,-73.755871540954,3.193356500701967,Jamaica-179 St
10018,40.75583507747319,-73.99442798468357,0.25505923488874305,34 St-Penn Station
10020,40.75889786253664,-73.97860969027697,0.1883308931718008,47-50 Sts-Rockefeller Ctr
11005,40.756084659367446,-73.7163014432423,5.5394872253287435,Jamaica-179 St
10017,40.750843906388965,-73.96954646454908,0.449950209594865,Grand Central-42 St
10001,40.749813815973425,-74.00044540343829,0.31659032910763235,23 St
10011,40.74293318605735,-74.00272980234686,0.15800168466585024,14 St
10016,40.745042154930125,-73.97608884361772,0.41928638257939044,33 St
11104,40.74284327302219,-73.91957308240816,0.08101536898477231,46 St-Bliss St
11109,40.74439490720662,-73.9582654915129,0.3455067325947454,Vernon Blvd-Jackson Av
10010,40.738858506885265,-73.97742472650863,0.5542050454364604,28 St
11367,40.72996697605035,-73.82833646551396,1.0144917614635236,75 Av
10014,40.733017820971654,-74.00768992762666,0.3312670110815166,Christopher St-Stonewall
10003,40.73286037224812,-73.9889377112639,0.1432871588746102,14 St-Union Sq
11222,40.7277029747525,-73.9478952509919,0.3150565647145965,Nassau Av
10002,40.72372257413236,-73.97915860597071,0.5271932575800875,1 Av
11378,40.72605584451599,-73.91503002288277,1.201450213742732,46 St-Bliss St
10009,40.72735532516567,-73.97554460187719,0.4876645326490001,1 Av
10012,40.72688113676271,-73.99955853513266,0.2177616907437364,Prince St
10013,40.721409437346225,-74.00370662237775,0.11254343163098321,Canal St
11211,40.717435530032695,-73.9545448100126,0.16083237495990424,Bedford Av
10007,40.71350497293453,-74.00821555994035,0.04897322146555209,Chambers St
11237,40.70381064213058,-73.91868702036929,0.01807942234403276,DeKalb Av
11385,40.70077707123051,-73.87616403733166,0.7881772643962561,Cypress Hills
10038,40.70937254845485,-74.00237287302183,0.27632273343670377,Chambers St
11206,40.70204387007419,-73.93965653647514,0.1594708602212185,Flushing Av
10006,40.70804455906762,-74.0135158418697,0.04104940476003939,Rector St
11412,40.694744682962344,-73.7603920228681,2.0342561058019926,Jamaica-179 St
10005,40.70549440398773,-74.0085718224297,0.09852341148222503,Wall St
11251,40.70347216784633,-73.97283925615322,0.9705309010817378,York St
10004,40.702366561282375,-74.01263977956707,0.055393897084698475,Whitehall St-South Ferry
11411,40.69614646525237,-73.73672785439665,3.4428319270129855,Jamaica-179 St
11201,40.69785149695154,-73.9911257867805,0.11041057851340717,High St
10004,40.69874686569332,-74.0406166464777,1.8737979829218587,South Ferry
11205,40.69441061741978,-73.96723144492658,0.4370313142267201,Clinton-Washington Avs
11208,40.66484865279889,-73.86585598359166,0.8433146660258479,Grant Av
11207,40.670731969877096,-73.89563627390758,0.27031426125528163,Liberty Av
10004,40.689701543399096,-74.01673509118059,0.8792041892420721,South Ferry
10004,40.68988489390824,-74.04557612006394,2.356944942319758,South Ferry
11413,40.666072082764636,-73.75194163682184,3.89417352461622,Jamaica-179 St
11217,40.68349475028706,-73.9772865303563,0.06512828005092641,Atlantic Av-Barclays Ctr
11238,40.67563664991787,-73.96701592498695,0.2794527878188316,Grand Army Plaza
11231,40.67508331710057,-74.01007177526076,0.9792905986618703,Smith-9 Sts
11422,40.65329020777783,-73.73744945902813,3.6199815849632495,Far Rockaway-Mott Av
11420,40.669167618487656,-73.81655019579206,1.1224517569842143,Howard Beach-JFK Airport
11417,40.675772206895324,-73.84237054745753,0.33720736672697993,Rockaway Blvd
11215,40.66494336229539,-73.9806002842381,0.09384544515901874,7 Av
11414,40.656077284716126,-73.84434154359481,1.0152279320185764,Howard Beach-JFK Airport
11231,40.66710323530192,-74.01728919701043,1.2568920054199146,36 St
11232,40.65939485349065,-74.00826980768899,0.43833077875612114,36 St
11430,40.64341100681422,-73.78837581545343,3.0749460310264762,Broad Channel
11203,40.65083298019809,-73.93400163861072,1.0745621582701093,Church Av
11239,40.64536907906578,-73.87354299315687,1.612880123897189,New Lots Av
11236,40.640534740896605,-73.89189490475883,0.8062946078529022,Canarsie-Rockaway Pkwy
11220,40.64294137048373,-74.02452127241438,0.4709604028066635,59 St
10301,40.62218368183935,-74.09337157435284,1.3172253721454483,Stapleton
10310,40.6370537337864,-74.1150945016683,2.777915015020246,Tompkinsville
10303,40.638652516920956,-74.16584230434324,5.610916910693404,New Dorp
11234,40.60458816395699,-73.90383216312753,2.905763217986107,Canarsie-Rockaway Pkwy
10302,40.63160347492712,-74.13776612484192,4.076547520932224,Jefferson Av
11693,40.61543072319787,-73.82467303071235,0.7751760466158168,Broad Channel
11209,40.61584037226042,-74.02921675570994,0.1265549828001777,Bay Ridge-95 St
10304,40.611335966762795,-74.08936568615705,0.6739994812900214,Grasmere
10314,40.59808577208346,-74.17579059699611,3.6448198794583084,Great Kills
11693,40.6288002281486,-73.84025471265952,2.1915935487578975,Broad Channel
11228,40.61337775829714,-74.0173413367775,0.9603456903702272,Bay Ridge-95 St
11096,40.617517031011374,-73.76838444052956,1.2932875237442827,Far Rockaway-Mott Av
10305,40.591757057149024,-74.07355787393706,1.0100667984759846,Old Town
11229,40.59746054336325,-73.93530509912705,1.3785519683693503,Neck Rd
11214,40.590824757003624,-73.99765630836299,0.8092128579029936,Bay Pkwy
11691,40.60225731136145,-73.76743067369422,0.4457846609299018,Beach 25 St
11096,40.61171994725072,-73.74816139814752,0.7306985253978281,Far Rockaway-Mott Av
11223,40.59459986529937,-73.96976369450067,0.2677040616249685,Avenue U
11693,40.60720927066365,-73.83272114883292,1.1617557471984594,Broad Channel
11692,40.594362248330555,-73.7971967563399,0.23777811587171865,Beach 67 St
11235,40.58264526692284,-73.93691221309098,1.2253716820411795,Sheepshead Bay
11693,40.588271618151566,-73.81170816171947,0.13436988152270005,Beach 90 St
10306,40.5602138633246,-74.12285962661338,0.413691330265885,Oakwood Heights
11694,40.573794476408196,-73.85261589632725,1.2729408927040093,Rockaway Park-Beach 116 St
11224,40.57598606093259,-73.98485097203124,0.2685832655497839,Coney Island-Stillwell Av
10308,40.54874685922253,-74.14474369343193,0.49016261998112715,Great Kills
11697,40.560434461580336,-73.90261264462127,3.9977312710813275,Sheepshead Bay
10312,40.53545161565797,-74.17478381260415,0.41897655339335677,Annadale
10309,40.53561171648989,-74.22122854667957,0.9403264108858063,Pleasant Plains
10307,40.50891196322677,-74.24454583910462,0.555309974265927,Arthur Kill
10280,40.70752706399938,-74.01746391648773,0.2539850915227312,Rector St
10048,40.7114851285949,-74.01288006919945,0.05350814431506595,WTC Cortlandt
10279,40.7125109898468,-74.00845004784146,0.04481800583087303,Park Place
10165,40.75218465900669,-73.97904316702702,0.041556200349001676,Grand Central-42 St
10168,40.75125320136182,-73.97679894219833,0.03623157635082683,Grand Central-42 St
10055,40.75915138389161,-73.97381205246673,0.12000986373480324,5 Av/53 St
10105,40.76294268772775,-73.97911663533974,0.1351617734349658,57 St
10118,40.74856323602679,-73.98606606565836,0.1451069941369814,34 St-Herald Sq
10176,40.75543536043711,-73.97882121175698,0.185720856465583,Grand Central-42 St
10162,40.76956563876588,-73.95131722930776,0.4932120997609843,72 St
10019,40.766868496753986,-73.99162298264433,0.49405278250368134,50 St
10111,40.759104474355865,-73.97776660776987,0.19014245525508391,5 Av/53 St
10170,40.752615680554996,-73.97602263654055,0.0812411132098487,Grand Central-42 St
10112,40.75707080660884,-73.97248392783237,0.038991078956673794,51 St
10122,40.751879030715784,-73.99175574192739,0.1145559769158975,34 St-Penn Station
10107,40.76623208047336,-73.98250998213328,0.1446935254462104,59 St-Columbus Circle
10103,40.760432466002406,-73.97688285572882,0.11591742330336942,5 Av/53 St
10153,40.76372417897737,-73.97252756826028,0.09391729665052428,5 Av/59 St
10174,40.75162213071308,-73.97546151989414,0.04210290116795717,Grand Central-42 St
10166,40.75351214528941,-73.97686568725611,0.11980024142303126,Grand Central-42 St
10169,40.75444981835975,-73.97630090807031,0.1883158310087167,Grand Central-42 St
10167,40.75451563525563,-73.9747039118296,0.23197528509188228,Grand Central-42 St
10177,40.75512603772011,-73.97605181439012,0.23759120038766302,Grand Central-42 St
10172,40.75528160670857,-73.97415056633311,0.19887670758650158,51 St
10171,40.75597537180188,-73.97415974050742,0.17314765905443788,51 St
10154,40.7576560718747,-73.9724079601334,0.050684951003185555,51 St
10152,40.75845825248366,-73.9719981715476,0.09339231095591685,51 St
10270,40.70648127754924,-74.00781855193577,0.0914743408202869,Wall St
10104,40.7603308297268,-73.97867241564468,0.21643460473040654,47-50 Sts-Rockefeller Ctr
10271,40.70825149243947,-74.01041729558229,0.11060445181370682,Wall St
10110,40.75393206204424,-73.9812848452999,0.04741603363064656,5 Av
10175,40.75421232525184,-73.97984675832704,0.10944352296456873,Grand Central-42 St
10151,40.76323145880788,-73.973248661093,0.10919935985044091,5 Av/59 St
10173,40.75393751527975,-73.9789919494773,0.08176592778295896,Grand Central-42 St
10178,40.75082629966037,-73.97759539083695,0.08338797157552116,Grand Central-42 St
10119,40.75130540545466,-73.99258787977956,0.08751120524821139,34 St-Penn Station
10121,40.75009683316115,-73.99212503107864,0.07611793123697867,34 St-Penn Station
10115,40.81083228823444,-73.96388056505938,0.2151929947959081,116 St-Columbia University
10123,40.75154031806959,-73.99066775472483,0.08490486756427844,34 St-Penn Station
10106,40.76543154558243,-73.98091352641438,0.05581839728098784,57 St-7 Av
10158,40.74894865478827,-73.97519535262727,0.18094790843802586,Grand Central-42 St
10041,40.70318494418925,-74.00939864414877,0.24817158894614577,Whitehall St-South Ferry
10120,40.749888823060914,-73.98909625560847,0.08214976691318247,34 St-Herald Sq
10278,40.715283630454714,-74.0043615274947,0.15390966246822538,Brooklyn Bridge-City Hall
10155,40.761005897936705,-73.96799233859187,0.10490161309150163,59 St
10022,40.75779579564197,-73.96436379408493,0.324130019115149,Lexington Av/53 St
10043,40.70417381085561,-74.00701224036132,0.23262673011529156,Wall St
10081,40.70778026932896,-74.00892434916366,0.06729006726832046,Wall St
10096,40.75475231169589,-73.98278800368452,0.08584810616071505,5 Av
10097,40.762191180782516,-73.98480628519836,0.07337822796717637,50 St
10196,40.756866608164806,-73.98208452979605,0.13446768609839765,47-50 Sts-Rockefeller Ctr
10196,40.75675477336381,-73.98129304117796,0.1316910134291125,47-50 Sts-Rockefeller Ctr
10275,40.70571097700851,-74.01410313646855,0.06174051531603337,Bowling Green
10265,40.70509305752376,-74.00798678137092,0.1418288398295478,Wall St
10045,40.708477720156175,-74.00878603516084,0.1163483146981713,Wall St
10047,40.73954038010208,-73.9863353907695,0.028800344161179263,23 St-Baruch College
10047,40.73954038010208,-73.9863353907695,0.028800344161179263,23 St-Baruch College
10080,40.7106903876494,-74.01211571237708,0.07499906421042517,Cortlandt St
10203,40.707161408451135,-74.01184057965838,0.027335802773153773,Wall St
10259,40.70866770811586,-74.01008512324351,0.12387201786344737,Fulton St
10260,40.706252236627286,-74.00861065800484,0.051770574578977525,Wall St
10285,40.713459666620814,-74.01478813789191,0.21155290497403623,WTC Cortlandt
10286,40.70646287927449,-74.00915136047135,0.024963161741565255,Wall St
11370,40.791441583513695,-73.88407670841765,1.903402435950629,Longwood Av
10065,40.76254705954836,-73.95942247845736,0.4368507576372829,72 St
10075,40.77162204511819,-73.95133578007102,0.43367691007302955,86 St
10069,40.777615247467374,-73.98964583856647,0.5327779808401523,72 St
10281,40.712232007591375,-74.01577556804526,0.24905329452307054,WTC Cortlandt
10282,40.715620119967156,-74.01553915817847,0.3488248188936443,WTC Cortlandt
